<?xml version="1.0" encoding="UTF-8"?>
<!DOCTYPE language SYSTEM "language.dtd">
<language name="Ansys" version="1.1" section="Scientific" extensions="*.ans" author="Giovanni Bacci (giovanni@castellodilari.it)" license="LGPL" >
<highlighting>
	<list name="session_cmds">
		<item>/BATCH</item>
		<item>/CONFIG</item>
		<item>/CWD</item>
		<item>/EOF</item>
		<item>/EXIT</item>
		<item>/FILNAME</item>
		<item>HELP</item>
		<item>/INPUT</item>
		<item>KEYW</item>
		<item>MEMM</item>
		<item>/MENU</item>
		<item>/MSTART</item>
		<item>/NERR</item>
		<item>/OUTPUT</item>
		<item>/STATUS</item>
		<item>/SYP</item>
		<item>/SYS</item>
		<item>/UI</item>
		<item>/UIS</item>
		<item>/AUX2</item>
		<item>/AUX3</item>
		<item>/AUX12</item>
		<item>/AUX15</item>
		<item>FINISH</item>
		<item>/OPT</item>
		<item>/POST1</item>
		<item>/POST26</item>
		<item>/PREP7</item>
		<item>/QUIT</item>
		<item>/RUNST</item>
		<item>/SOLU</item>
		<item>/ASSIGN</item>
		<item>/CLOG</item>
		<item>/COPY</item>
		<item>/DELETE</item>
		<item>/FDELE</item>
		<item>/FTYPE</item>
		<item>LGWRITE</item>
		<item>*LIST</item>
		<item>/RENAME</item>
		<item>/COM</item>
		<item>/GO</item>
		<item>/GOLIST</item>
		<item>/GOPR</item>
		<item>/NOLIST</item>
		<item>/NOPR</item>
	</list>
	<list name="database_cmds">
		<item>/CLEAR</item>
		<item>RESUME</item>
		<item>SAVE</item>
		<item>/SMBC</item>
		<item>STAT</item>
		<item>/STITLE</item>
		<item>/TITLE</item>
		<item>UNDO</item>
		<item>/UNITS</item>
		<item>ALLSEL</item>
		<item>ASLL</item>
		<item>ASEL</item>
		<item>ASLV</item>
		<item>DOFSEL</item>
		<item>ESEL</item>
		<item>ESLA</item>
		<item>ESLL</item>
		<item>ESLN</item>
		<item>ESLV</item>
		<item>KSEL</item>
		<item>KSLL</item>
		<item>KSLN</item>
		<item>LSEL</item>
		<item>LSLA</item>
		<item>LSLK</item>
		<item>NSEL</item>
		<item>NSLA</item>
		<item>NSLE</item>
		<item>NSLK</item>
		<item>NSLL</item>
		<item>NSLV</item>
		<item>PARTSEL</item>
		<item>VSEL</item>
		<item>VSLA</item>
		<item>CM</item>
		<item>CMDELE</item>
		<item>CMEDIT</item>
		<item>CMGRP</item>
		<item>CMLIST</item>
		<item>CMMOD</item>
		<item>CMPLOT</item>
		<item>CMSEL</item>
		<item>KWPAVE</item>
		<item>KWPLAN</item>
		<item>LWPLAN</item>
		<item>NWPAVE</item>
		<item>NWPLAN</item>
		<item>WPAVE</item>
		<item>WPCSYS</item>
		<item>WPLANE</item>
		<item>WPOFFS</item>
		<item>WPROTA</item>
		<item>WPSTYL</item>
		<item>CLOCAL</item>
		<item>CS</item>
		<item>CSCIR</item>
		<item>CSDELE</item>
		<item>CSKP</item>
		<item>CSLIST</item>
		<item>CSWPLA</item>
		<item>CSYS</item>
		<item>LOCAL</item>
		<item>FITEM</item>
		<item>FLST</item>
	</list>
	<list name="graphic_cmds">
		<item>/CMAP</item>
		<item>/COLOR</item>
		<item>/DEVICE</item>
		<item>DSYS</item>
		<item>/DV3D</item>
		<item>/ERASE</item>
		<item>ERASE</item>
		<item>/GCMD</item>
		<item>/GCOLUMN</item>
		<item>/GFILE</item>
		<item>GPLOT</item>
		<item>/GRAPHICS</item>
		<item>/GRESUME</item>
		<item>/GSAVE</item>
		<item>/GTYPE</item>
		<item>HPGL</item>
		<item>/IMAGE</item>
		<item>IMMED</item>
		<item>JPEG</item>
		<item>/MREP</item>
		<item>/NOERASE</item>
		<item>/PCOPY</item>
		<item>PNGR</item>
		<item>PSCR</item>
		<item>/PSTATUS</item>
		<item>/REPLOT</item>
		<item>/RESET</item>
		<item>/SEG</item>
		<item>/SHOW</item>
		<item>TIFF</item>
		<item>/WINDOW</item>
		<item>/ANGLE</item>
		<item>/AUTO</item>
		<item>/DIST</item>
		<item>/FOCUS</item>
		<item>/USER</item>
		<item>/VCONE</item>
		<item>/VIEW</item>
		<item>/VUP</item>
		<item>/XFRM</item>
		<item>/ZOOM</item>
		<item>/DSCALE</item>
		<item>/ICLWID</item>
		<item>/ICSCALE</item>
		<item>/RATIO</item>
		<item>/SHRINK</item>
		<item>/SSCALE</item>
		<item>/TXTRE</item>
		<item>/VSCALE</item>
		<item>/CPLANE</item>
		<item>/CTYPE</item>
		<item>/EDGE</item>
		<item>/ESHAPE</item>
		<item>/FACET</item>
		<item>/GLINE</item>
		<item>/GMARKER</item>
		<item>GMFACE</item>
		<item>/LIGHT</item>
		<item>/NORMAL</item>
		<item>/SHADE</item>
		<item>/TRLCY</item>
		<item>/TYPE</item>
		<item>/CFORMAT</item>
		<item>/CLABEL</item>
		<item>/CONTOUR</item>
		<item>/CVAL</item>
		<item>/GFORMAT</item>
		<item>/HBC</item>
		<item>/NUMBER</item>
		<item>/PBC</item>
		<item>/PBF</item>
		<item>PGSELE</item>
		<item>/PICE</item>
		<item>/PLOPTS</item>
		<item>/PNUM</item>
		<item>/PSF</item>
		<item>/PSYMB</item>
		<item>/TRIAD</item>
		<item>/UDOC</item>
		<item>/AXLAB</item>
		<item>/GRID</item>
		<item>/GROPT</item>
		<item>/GRTYP</item>
		<item>/GTHK</item>
		<item>/XRANGE</item>
		<item>/YRANGE</item>
		<item>/AN3D</item>
		<item>/ANNOT</item>
		<item>/ANUM</item>
		<item>/LARC</item>
		<item>/LINE</item>
		<item>/LSPEC</item>
		<item>/LSYMBOL</item>
		<item>/PCIRCLE</item>
		<item>/PMORE</item>
		<item>/POLYGON</item>
		<item>/PSPEC</item>
		<item>/PWEDGE</item>
		<item>/TLABEL</item>
		<item>/TSPEC</item>
	</list>
	<list name="APDL_commands">
		<item>GET</item>
		<item>*ABBR</item>
		<item>ABBRES</item>
		<item>ABBSAV</item>
		<item>*AFUN</item>
		<item>*ASK</item>
		<item>*CFCLOS</item>
		<item>*CFOPEN</item>
		<item>*CFWRITE</item>
		<item>*CREATE</item>
		<item>*CYCLE</item>
		<item>*DEL</item>
		<item>/DFLAB</item>
		<item>*DIM</item>
		<item>/DIRECTORY</item>
		<item>*DO</item>
		<item>*DOWHILE</item>
		<item>*ELSE</item>
		<item>*ELSEIF</item>
		<item>*END</item>
		<item>*ENDDO</item>
		<item>*ENDIF</item>
		<item>*EXIT</item>
		<item>*GET</item>
		<item>*GO</item>
		<item>*IF</item>
		<item>/INQUIRE</item>
		<item>/MAIL</item>
		<item>*MFOURI</item>
		<item>*MFUN</item>
		<item>*MOPER</item>
		<item>*MSG</item>
		<item>*MWRITE</item>
		<item>PARRES</item>
		<item>PARSAV</item>
		<item>/PMACRO</item>
		<item>/PSEARCH</item>
		<item>*REPEAT</item>
		<item>*RETURN</item>
		<item>*SET</item>
		<item>*SREAD</item>
		<item>*STATUS</item>
		<item>*TAXIS</item>
		<item>/TEE</item>
		<item>*TOPER</item>
		<item>*TREAD</item>
		<item>/UCMD</item>
		<item>*ULIB</item>
		<item>*USE</item>
		<item>*VABS</item>
		<item>*VCOL</item>
		<item>*VCUM</item>
		<item>*VEDIT</item>
		<item>*VFACT</item>
		<item>*VFILL</item>
		<item>*VFUN</item>
		<item>*VGET</item>
		<item>*VITRP</item>
		<item>*VLEN</item>
		<item>*VMASK</item>
		<item>*VOPER</item>
		<item>*VPLOT</item>
		<item>*VPUT</item>
		<item>*VREAD</item>
		<item>*VSCFUN</item>
		<item>*VSTAT</item>
		<item>*VWRITE</item>
		<item>/WAIT</item>
	</list>
	<list name="prep7_commands">
		<item>AFLIST</item>
		<item>CDREAD</item>
		<item>CDWRITE</item>
		<item>CDOPT</item>
		<item>CECHECK</item>
		<item>CHECK</item>
		<item>CNCHECK</item>
		<item>FC</item>
		<item>FCCHECK</item>
		<item>FCDELE</item>
		<item>FCLIST</item>
		<item>IGESOUT</item>
		<item>NOOFFSET</item>
		<item>NUMCMP</item>
		<item>NUMMRG</item>
		<item>NUMOFF</item>
		<item>NUMSTR</item>
		<item>DOF</item>
		<item>ET</item>
		<item>ETCONTROL</item>
		<item>ETDELE</item>
		<item>ETLIST</item>
		<item>KEYOPT</item>
		<item>NSVR</item>
		<item>R</item>
		<item>RDELE</item>
		<item>RLIST</item>
		<item>RMODIF</item>
		<item>RMORE</item>
		<item>SETFGAP</item>
		<item>EMUNIT</item>
		<item>*EVAL</item>
		<item>*MOONEY</item>
		<item>MP</item>
		<item>MPAMOD</item>
		<item>MPCHG</item>
		<item>MPCOPY</item>
		<item>MPDATA</item>
		<item>MPDELE</item>
		<item>MPDRES</item>
		<item>/MPLIB</item>
		<item>MPLIST</item>
		<item>MPPLOT</item>
		<item>MPREAD</item>
		<item>MPTEMP</item>
		<item>MPTGEN</item>
		<item>MPTRES</item>
		<item>MPWRITE</item>
		<item>TBFT</item>
		<item>UIMP</item>
		<item>TB</item>
		<item>TBCOPY</item>
		<item>TBDATA</item>
		<item>TBDELE</item>
		<item>TBFIELD</item>
		<item>TBLIST</item>
		<item>TBMODIF</item>
		<item>TBPLOT</item>
		<item>TBPT</item>
		<item>TBTEMP</item>
		<item>BLC4</item>
		<item>BLC5</item>
		<item>BLOCK</item>
		<item>CON4</item>
		<item>CONE</item>
		<item>CYL4</item>
		<item>CYL5</item>
		<item>CYLIND</item>
		<item>PCIRC</item>
		<item>POLY</item>
		<item>PRI2</item>
		<item>PRISM</item>
		<item>PTXY</item>
		<item>RECTNG</item>
		<item>RPOLY</item>
		<item>RPR4</item>
		<item>RPRISM</item>
		<item>SPH4</item>
		<item>SPH5</item>
		<item>SPHERE</item>
		<item>TORUS</item>
		<item>GSUM</item>
		<item>K</item>
		<item>KBETW</item>
		<item>KCENTER</item>
		<item>KDELE</item>
		<item>KDIST</item>
		<item>KFILL</item>
		<item>KGEN</item>
		<item>KL</item>
		<item>KLIST</item>
		<item>KMODIF</item>
		<item>KMOVE</item>
		<item>KNODE</item>
		<item>KPLOT</item>
		<item>KPSCALE</item>
		<item>KSCALE</item>
		<item>KSUM</item>
		<item>KSYMM</item>
		<item>KTRAN</item>
		<item>SOURCE</item>
		<item>HPTCREATE</item>
		<item>HPTDELETE</item>
		<item>BSPLIN</item>
		<item>CIRCLE</item>
		<item>GSUM</item>
		<item>L</item>
		<item>L2ANG</item>
		<item>L2TAN</item>
		<item>LANG</item>
		<item>LARC</item>
		<item>LAREA</item>
		<item>LCOMB</item>
		<item>LDELE</item>
		<item>LDIV</item>
		<item>LDRAG</item>
		<item>LEXTND</item>
		<item>LFILLT</item>
		<item>LGEN</item>
		<item>LLIST</item>
		<item>LPLOT</item>
		<item>LREVERSE</item>
		<item>LROTAT</item>
		<item>LSSCALE</item>
		<item>LSTR</item>
		<item>LSUM</item>
		<item>LSYMM</item>
		<item>LTAN</item>
		<item>LTRAN</item>
		<item>SPLINE</item>
		<item>SSLN</item>
		<item>A</item>
		<item>AATT</item>
		<item>ADELE</item>
		<item>ADGL</item>
		<item>ADRAG</item>
		<item>AFILLT</item>
		<item>AGEN</item>
		<item>AL</item>
		<item>ALIST</item>
		<item>ANORM</item>
		<item>AOFFST</item>
		<item>APLOT</item>
		<item>AREVERSE</item>
		<item>AROTAT</item>
		<item>ARSCALE</item>
		<item>ARSYM</item>
		<item>ASKIN</item>
		<item>ASUB</item>
		<item>ASUM</item>
		<item>ATRAN</item>
		<item>GSUM</item>
		<item>SPLOT</item>
		<item>EXTOPT</item>
		<item>GSUM</item>
		<item>V</item>
		<item>VA</item>
		<item>VDELE</item>
		<item>VDGL</item>
		<item>VDRAG</item>
		<item>VEXT</item>
		<item>VGEN</item>
		<item>VLIST</item>
		<item>VLSCALE</item>
		<item>VOFFST</item>
		<item>VPLOT</item>
		<item>VROTAT</item>
		<item>VSUM</item>
		<item>VSYMM</item>
		<item>VTRAN</item>
		<item>AADD</item>
		<item>AGLUE</item>
		<item>AINA</item>
		<item>AINP</item>
		<item>AINV</item>
		<item>AOVLAP</item>
		<item>APTN</item>
		<item>ASBA</item>
		<item>ASBL</item>
		<item>ASBV</item>
		<item>ASBW</item>
		<item>BOPTN</item>
		<item>BTOL</item>
		<item>LCSL</item>
		<item>LGLUE</item>
		<item>LINA</item>
		<item>LINL</item>
		<item>LINP</item>
		<item>LINV</item>
		<item>LOVLAP</item>
		<item>LPTN</item>
		<item>LSBA</item>
		<item>LSBL</item>
		<item>LSBV</item>
		<item>LSBW</item>
		<item>VADD</item>
		<item>VGLUE</item>
		<item>VINP</item>
		<item>VINV</item>
		<item>VOVLAP</item>
		<item>VPTN</item>
		<item>VSBA</item>
		<item>VSBV</item>
		<item>VSBW</item>
		<item>ACCAT</item>
		<item>ACLEAR</item>
		<item>AESIZE</item>
		<item>AMAP</item>
		<item>AMESH</item>
		<item>AREFINE</item>
		<item>CHKMSH</item>
		<item>CLRMSHLN</item>
		<item>CPCYC</item>
		<item>DESIZE</item>
		<item>EORIENT</item>
		<item>EREFINE</item>
		<item>ESIZE</item>
		<item>ESYS</item>
		<item>FVMESH</item>
		<item>GSGDATA</item>
		<item>IMESH</item>
		<item>KATTA</item>
		<item>KCLEAR</item>
		<item>KESIZE</item>
		<item>KMESH</item>
		<item>KREFINE</item>
		<item>KSCON</item>
		<item>LATT</item>
		<item>LCCAT</item>
		<item>LCLEAR</item>
		<item>LESIZE</item>
		<item>LMESH</item>
		<item>LREFINE</item>
		<item>MAT</item>
		<item>MCHECK</item>
		<item>MODMSH</item>
		<item>MOPT</item>
		<item>MSHAPE</item>
		<item>MSHCOPY</item>
		<item>MSHKEY</item>
		<item>MSHMID</item>
		<item>MSHPATTERN</item>
		<item>NREFINE</item>
		<item>PSMESH</item>
		<item>REAL</item>
		<item>RTHICK</item>
		<item>SHPP</item>
		<item>SMRTSIZE</item>
		<item>TCHG</item>
		<item>TIMP</item>
		<item>TYPE</item>
		<item>VATT</item>
		<item>VCLEAR</item>
		<item>VIMP</item>
		<item>VMESH</item>
		<item>VEORIENT</item>
		<item>VSWEEP</item>
		<item>CENTER</item>
		<item>FILL</item>
		<item>MOVE</item>
		<item>N</item>
		<item>NANG</item>
		<item>NDELE</item>
		<item>NDIST</item>
		<item>NGEN</item>
		<item>NKPT</item>
		<item>NLIST</item>
		<item>NMODIF</item>
		<item>NPLOT</item>
		<item>NREAD</item>
		<item>NROTAT</item>
		<item>NRRANG</item>
		<item>NSCALE</item>
		<item>NSMOOTH</item>
		<item>NSYM</item>
		<item>NWRITE</item>
		<item>QUAD</item>
		<item>SOURCE</item>
		<item>TRANSFER</item>
		<item>AFSURF</item>
		<item>E</item>
		<item>EDELE</item>
		<item>EGEN</item>
		<item>EINTF</item>
		<item>ELIST</item>
		<item>EMID</item>
		<item>EMODIF</item>
		<item>EMORE</item>
		<item>EMTGEN</item>
		<item>EN</item>
		<item>ENDRELEASE</item>
		<item>ENGEN</item>
		<item>ENORM</item>
		<item>ENSYM</item>
		<item>EORIENT</item>
		<item>EPLOT</item>
		<item>EREAD</item>
		<item>ERRANG</item>
		<item>ESURF</item>
		<item>ESYM</item>
		<item>ESYS</item>
		<item>EWRITE</item>
		<item>LAYLIST</item>
		<item>LAYPLOT</item>
		<item>LFSURF</item>
		<item>MAT</item>
		<item>NDSURF</item>
		<item>REAL</item>
		<item>SHSD</item>
		<item>SWADD</item>
		<item>SWDEL</item>
		<item>SWGEN</item>
		<item>SWLIST</item>
		<item>TSHAP</item>
		<item>TYPE</item>
		<item>UPGEOM</item>
		<item>SE</item>
		<item>SEDLIST</item>
		<item>SELISTL</item>
		<item>SESYMM</item>
		<item>SETRAN</item>
		<item>BELLOW</item>
		<item>BEND</item>
		<item>BRANCH</item>
		<item>FLANGE</item>
		<item>MITER</item>
		<item>PCORRO</item>
		<item>PDRAG</item>
		<item>PFLUID</item>
		<item>PGAP</item>
		<item>PINSUL</item>
		<item>POPT</item>
		<item>PPRES</item>
		<item>PSPEC</item>
		<item>PSPRNG</item>
		<item>PTEMP</item>
		<item>PUNIT</item>
		<item>REDUCE</item>
		<item>RUN</item>
		<item>TEE</item>
		<item>VALVE</item>
		<item>DIG</item>
		<item>DMOVE</item>
		<item>DSET</item>
		<item>DSURF</item>
		<item>CP</item>
		<item>CPDELE</item>
		<item>CPINTF</item>
		<item>CPLGEN</item>
		<item>CPLIST</item>
		<item>CPNGEN</item>
		<item>CPSGEN</item>
		<item>CE</item>
		<item>CECYC</item>
		<item>CEDELE</item>
		<item>CEINTF</item>
		<item>CELIST</item>
		<item>CERIG</item>
		<item>CESGEN</item>
		<item>RBE3</item>
		<item>NOORDER</item>
		<item>WAVES</item>
		<item>WERASE</item>
		<item>WFRONT</item>
		<item>WMID</item>
		<item>WMORE</item>
		<item>WSORT</item>
		<item>WSTART</item>
		<item>FLDATA</item>
		<item>FLDATA1</item>
		<item>FLDATA2</item>
		<item>FLDATA3</item>
		<item>FLDATA4</item>
		<item>FLDATA4A</item>
		<item>FLDATA5</item>
		<item>FLDATA6</item>
		<item>FLDATA7</item>
		<item>FLDATA8</item>
		<item>FLDATA9</item>
		<item>FLDATA10</item>
		<item>FLDATA11</item>
		<item>FLDATA12</item>
		<item>FLDATA13</item>
		<item>FLDATA14</item>
		<item>FLDATA15</item>
		<item>FLDATA16</item>
		<item>FLDATA17</item>
		<item>FLDATA18</item>
		<item>FLDATA19</item>
		<item>FLDATA20</item>
		<item>FLDATA20A</item>
		<item>FLDATA20B</item>
		<item>FLDATA21</item>
		<item>FLDATA22</item>
		<item>FLDATA23</item>
		<item>FLDATA24</item>
		<item>FLDATA24A</item>
		<item>FLDATA24B</item>
		<item>FLDATA24C</item>
		<item>FLDATA24D</item>
		<item>FLDATA24E</item>
		<item>FLDATA24F</item>
		<item>FLDATA24G</item>
		<item>FLDATA24H</item>
		<item>FLDATA40</item>
		<item>FLDATA25</item>
		<item>FLDATA26</item>
		<item>FLDATA34</item>
		<item>FLDATA27</item>
		<item>FLDATA28</item>
		<item>FLDATA29</item>
		<item>FLDATA30</item>
		<item>FLDATA31</item>
		<item>FLDATA32</item>
		<item>FLDATA33</item>
		<item>FLDATA35</item>
		<item>FLDATA36</item>
		<item>FLDATA37</item>
		<item>FLDATA38</item>
		<item>FLDATA39</item>
		<item>ICVFRC</item>
		<item>PLVFRC</item>
		<item>MSADV</item>
		<item>MSCAP</item>
		<item>MSDATA</item>
		<item>MSMASS</item>
		<item>MSMETH</item>
		<item>MSMIR</item>
		<item>MSNOMF</item>
		<item>MSPROP</item>
		<item>MSQUAD</item>
		<item>MSRELAX</item>
		<item>MSSOLU</item>
		<item>MSSPEC</item>
		<item>MSTERM</item>
		<item>MSVARY</item>
		<item>/CYCEXPAND</item>
		<item>CYCLIC</item>
		<item>CYCOPT</item>
		<item>EMSYM</item>
		<item>HFEREFINE</item>
		<item>PERBC2D</item>
		<item>PHYSICS</item>
		<item>RACE</item>
		<item>AREAS</item>
		<item>BOOL</item>
		<item>CEQN</item>
		<item>COUPLE</item>
		<item>DIGIT</item>
		<item>ELEM</item>
		<item>ETYPE</item>
		<item>FATIGUE</item>
		<item>FEBODY</item>
		<item>FECONS</item>
		<item>FEFOR</item>
		<item>FESURF</item>
		<item>FLOTRAN</item>
		<item>GEOMETRY</item>
		<item>KEYPTS</item>
		<item>LINE</item>
		<item>MATER</item>
		<item>MESHING</item>
		<item>NODES</item>
		<item>PIPE</item>
		<item>PMETH</item>
		<item>PRIM</item>
		<item>RCON</item>
		<item>REORDER</item>
		<item>SELM</item>
		<item>TBLE</item>
		<item>VOLUMES</item>
		<item>EDASMP</item>
		<item>EDBOUND</item>
		<item>EDBX</item>
		<item>EDCGEN</item>
		<item>EDCLIST</item>
		<item>EDCMORE</item>
		<item>EDCNSTR</item>
		<item>EDCONTACT</item>
		<item>EDCRB</item>
		<item>EDCURVE</item>
		<item>EDDBL</item>
		<item>EDDC</item>
		<item>EDIPART</item>
		<item>EDLCS</item>
		<item>EDMP</item>
		<item>EDNB</item>
		<item>EDNDTSD</item>
		<item>EDNROT</item>
		<item>EDPART</item>
		<item>EDPC</item>
		<item>EDSP</item>
		<item>EDWELD</item>
		<item>ALPFILL</item>
		<item>ARCOLLAPSE</item>
		<item>ARDETACH</item>
		<item>ARFILL</item>
		<item>ARMERGE</item>
		<item>ARSPLIT</item>
		<item>GAPFINISH</item>
		<item>GAPLIST</item>
		<item>GAPMERGE</item>
		<item>GAPOPT</item>
		<item>GAPPLOT</item>
		<item>LNCOLLAPSE</item>
		<item>LNDETACH</item>
		<item>LNFILL</item>
		<item>LNMERGE</item>
		<item>LNSPLIT</item>
		<item>SARPLOT</item>
		<item>SLPPLOT</item>
		<item>SLSPLOT</item>
		<item>VCVFILL</item>
		<item>BSAX</item>
		<item>BSM1</item>
		<item>BSM2</item>
		<item>BSMD</item>
		<item>BSS1</item>
		<item>BSS2</item>
		<item>BSTE</item>
		<item>BSTQ</item>
		<item>PRSSOL</item>
		<item>SDELETE</item>
		<item>SECDATA</item>
		<item>SECJOINT</item>
		<item>/SECLIB</item>
		<item>SECLOCK</item>
		<item>SECNUM</item>
		<item>SECOFFSET</item>
		<item>SECPLOT</item>
		<item>SECREAD</item>
		<item>SECSTOP</item>
		<item>SECTYPE</item>
		<item>SECWRITE</item>
		<item>SLIST</item>
		<item>SSBT</item>
		<item>SSMT</item>
		<item>SSPA</item>
		<item>SSPB</item>
		<item>SSPD</item>
		<item>SSPE</item>
		<item>SSPM</item>
		<item>MORPH</item>
		<item>DAMORPH</item>
		<item>DEMORPH</item>
		<item>DVMORPH</item>
		<item>TZAMESH</item>
		<item>TZDELE</item>
		<item>TZEGEN</item>
		<item>PMLOPT</item>
		<item>PMLSIZE</item>
		<item>FSAN</item>
		<item>FSCO</item>
		<item>FSDT</item>
		<item>FSIN</item>
		<item>FSIT</item>
		<item>FSOR</item>
		<item>FSOU</item>
		<item>FSRE</item>
		<item>FSSTAT</item>
		<item>FSTI</item>
		<item>FSTR</item>
	</list>	
	<list name="solution_commands">
		<item>ABEXTRACT</item>
		<item>ADAMS</item>
		<item>ADAPT</item>
		<item>ANTYPE</item>
		<item>BCSOPTION</item>
		<item>CECHECK</item>
		<item>CHECK</item>
		<item>CMATRIX</item>
		<item>CMSOPT</item>
		<item>CNCHECK</item>
		<item>CUTCONTROL</item>
		<item>CYCOPT</item>
		<item>DMPEXT</item>
		<item>DSPROC</item>
		<item>DSOPT</item>
		<item>EMATWRITE</item>
		<item>EQSLV</item>
		<item>ERESX</item>
		<item>ESCHECK</item>
		<item>ESSOLV</item>
		<item>EXPASS</item>
		<item>FSRS</item>
		<item>FSSOLV</item>
		<item>GAUGE</item>
		<item>GMATRIX</item>
		<item>HFEIGOPT</item>
		<item>HFPA</item>
		<item>HFPCSWP</item>
		<item>HFSCAT</item>
		<item>HFSWEEP</item>
		<item>LMATRIX</item>
		<item>LUMPM</item>
		<item>MONITOR</item>
		<item>MSAVE</item>
		<item>OPNCONTROL</item>
		<item>PRECISION</item>
		<item>PSCONTROL</item>
		<item>PSOLVE</item>
		<item>RATE</item>
		<item>RSTOFF</item>
		<item>SEEXP</item>
		<item>SEGEN</item>
		<item>SEOPT</item>
		<item>SOLCONTROL</item>
		<item>/SOLU</item>
		<item>SOLVE</item>
		<item>SPSCAN</item>
		<item>SPSWP</item>
		<item>STAOPT</item>
		<item>TOFFST</item>
		<item>PCONV</item>
		<item>PEXCLUDE</item>
		<item>PINCLUDE</item>
		<item>/PMETH</item>
		<item>PMOPTS</item>
		<item>PPRANGE</item>
		<item>ARCLENA</item>
		<item>ARCTRM</item>
		<item>BUCOPT</item>
		<item>CNVTOL</item>
		<item>CRPLIM</item>
		<item>/GST</item>
		<item>LNSRCH</item>
		<item>MXPAND</item>
		<item>NCNV</item>
		<item>NEQIT</item>
		<item>NLDIAG</item>
		<item>NLDPOST</item>
		<item>NLGEOM</item>
		<item>NLHIST</item>
		<item>NROPT</item>
		<item>PRED</item>
		<item>PSTRES</item>
		<item>SSTIF</item>
		<item>SUBOPT</item>
		<item>ALPHAD</item>
		<item>BETAD</item>
		<item>DMPRAT</item>
		<item>HARFRQ</item>
		<item>HREXP</item>
		<item>HROPT</item>
		<item>HROUT</item>
		<item>LVSCALE</item>
		<item>MDAMP</item>
		<item>MDPLOT</item>
		<item>MODOPT</item>
		<item>MXPAND</item>
		<item>RIGID</item>
		<item>SUBOPT</item>
		<item>TIMINT</item>
		<item>TINTP</item>
		<item>TRNOPT</item>
		<item>ADDAM</item>
		<item>COVAL</item>
		<item>CQC</item>
		<item>DSUM</item>
		<item>FREQ</item>
		<item>GRP</item>
		<item>NRLSUM</item>
		<item>PFACT</item>
		<item>PSDCOM</item>
		<item>PSDFRQ</item>
		<item>PSDGRAPH</item>
		<item>PSDSPL</item>
		<item>PSDUNIT</item>
		<item>PSDVAL</item>
		<item>PSDWAV</item>
		<item>QDVAL</item>
		<item>ROCK</item>
		<item>SED</item>
		<item>SPOPT</item>
		<item>SRSS</item>
		<item>SV</item>
		<item>SVTYP</item>
		<item>VDDAM</item>
		<item>AUTOTS</item>
		<item>CECMOD</item>
		<item>DELTIM</item>
		<item>EXPSOL</item>
		<item>HMAGSOLV</item>
		<item>KBC</item>
		<item>KUSE</item>
		<item>MAGOPT</item>
		<item>MAGSOLV</item>
		<item>MODE</item>
		<item>NSUBST</item>
		<item>NUMEXP</item>
		<item>TIME</item>
		<item>TREF</item>
		<item>TSRES</item>
		<item>UPCOORD</item>
		<item>USRCAL</item>
		<item>WRFULL</item>
		<item>DA</item>
		<item>DADELE</item>
		<item>DALIST</item>
		<item>DK</item>
		<item>DKDELE</item>
		<item>DKLIST</item>
		<item>DL</item>
		<item>DLDELE</item>
		<item>DLLIST</item>
		<item>DTRAN</item>
		<item>FK</item>
		<item>FKDELE</item>
		<item>FKLIST</item>
		<item>FTRAN</item>
		<item>SFA</item>
		<item>SFADELE</item>
		<item>SFALIST</item>
		<item>SFL</item>
		<item>SFLDELE</item>
		<item>SFLLIST</item>
		<item>SFTRAN</item>
		<item>BFA</item>
		<item>BFADELE</item>
		<item>BFALIST</item>
		<item>BFK</item>
		<item>BFKDELE</item>
		<item>BFKLIST</item>
		<item>BFL</item>
		<item>BFLDELE</item>
		<item>BFLLIST</item>
		<item>BFTRAN</item>
		<item>BFV</item>
		<item>BFVDELE</item>
		<item>BFVLIST</item>
		<item>ACEL</item>
		<item>CGLOC</item>
		<item>CGOMGA</item>
		<item>CMACEL</item>
		<item>CMDOMEGA</item>
		<item>CMOMEGA</item>
		<item>DCGOMG</item>
		<item>DOMEGA</item>
		<item>IRLF</item>
		<item>OMEGA</item>
		<item>BIOT</item>
		<item>FMAGBC</item>
		<item>HFPORT</item>
		<item>IC</item>
		<item>ICDELE</item>
		<item>ICE</item>
		<item>ICEDELE</item>
		<item>ICELIST</item>
		<item>ICLIST</item>
		<item>ISFILE</item>
		<item>MPCHG</item>
		<item>OUTPR</item>
		<item>OUTRES</item>
		<item>PGRAPH</item>
		<item>PGSAVE</item>
		<item>PGWRITE</item>
		<item>PLWAVE</item>
		<item>RESCONTROL</item>
		<item>SBCLIST</item>
		<item>SBCTRAN</item>
		<item>WSPRINGS</item>
		<item>LSCLEAR</item>
		<item>LSDELE</item>
		<item>LSREAD</item>
		<item>LSSOLVE</item>
		<item>LSWRITE</item>
		<item>M</item>
		<item>MDELE</item>
		<item>MGEN</item>
		<item>MLIST</item>
		<item>TOTAL</item>
		<item>GP</item>
		<item>GPDELE</item>
		<item>GPLIST</item>
		<item>REZONE</item>
		<item>MAPSOLVE</item>
		<item>REMESH</item>
		<item>AREMESH</item>
		<item>EALIVE</item>
		<item>EKILL</item>
		<item>ESTIF</item>
		<item>D</item>
		<item>DCUM</item>
		<item>DDELE</item>
		<item>DJ</item>
		<item>DJDELE</item>
		<item>DJLIST</item>
		<item>DLIST</item>
		<item>DSCALE</item>
		<item>DSYM</item>
		<item>GSBDATA</item>
		<item>GSLIST</item>
		<item>LDREAD</item>
		<item>F</item>
		<item>FCUM</item>
		<item>FDELE</item>
		<item>FJ</item>
		<item>FJDELE</item>
		<item>FJLIST</item>
		<item>FLIST</item>
		<item>FSCALE</item>
		<item>SF</item>
		<item>SFBEAM</item>
		<item>SFCUM</item>
		<item>SFDELE</item>
		<item>SFE</item>
		<item>SFEDELE</item>
		<item>SFELIST</item>
		<item>SFFUN</item>
		<item>SFGRAD</item>
		<item>SFLIST</item>
		<item>SFSCALE</item>
		<item>BF</item>
		<item>BFCUM</item>
		<item>BFDELE</item>
		<item>BFE</item>
		<item>BFECUM</item>
		<item>BFEDELE</item>
		<item>BFELIST</item>
		<item>BFESCAL</item>
		<item>BFLIST</item>
		<item>BFSCALE</item>
		<item>BFUNIF</item>
		<item>LDREAD</item>
		<item>RIMPORT</item>
		<item>TUNIF</item>
		<item>BIOOPT</item>
		<item>DEACT</item>
		<item>DYNOPT</item>
		<item>GAP</item>
		<item>GENOPT</item>
		<item>INRTIA</item>
		<item>LSOPER</item>
		<item>MASTER</item>
		<item>NLOPT</item>
		<item>OUTOPT</item>
		<item>SMBODY</item>
		<item>SMCONS</item>
		<item>SMFOR</item>
		<item>SMSURF</item>
		<item>SOLUOPT</item>
		<item>SPTOPT</item>
		<item>EDADAPT</item>
		<item>EDALE</item>
		<item>EDBVIS</item>
		<item>EDCADAPT</item>
		<item>EDCPU</item>
		<item>EDCSC</item>
		<item>EDCTS</item>
		<item>EDDAMP</item>
		<item>EDDRELAX</item>
		<item>EDDUMP</item>
		<item>EDENERGY</item>
		<item>EDFPLOT</item>
		<item>EDGCALE</item>
		<item>EDHGLS</item>
		<item>EDHIST</item>
		<item>EDHTIME</item>
		<item>EDINT</item>
		<item>EDIS</item>
		<item>EDLOAD</item>
		<item>EDOPT</item>
		<item>EDOUT</item>
		<item>EDPL</item>
		<item>EDPVEL</item>
		<item>EDRC</item>
		<item>EDRD</item>
		<item>EDRI</item>
		<item>EDRST</item>
		<item>EDRUN</item>
		<item>EDSHELL</item>
		<item>EDSOLV</item>
		<item>EDSTART</item>
		<item>EDTERM</item>
		<item>EDTP</item>
		<item>EDVEL</item>
		<item>EDWRITE</item>
		<item>REXPORT</item>
		<item>FLOCHECK</item>
		<item>PEMOPTS</item>
		<item>HEMIOPT</item>
		<item>RADOPT</item>
		<item>RDEC</item>
		<item>RSURF</item>
		<item>RSYMM</item>
		<item>SPCNOD</item>
		<item>SPCTEMP</item>
		<item>STEF</item>
		<item>V2DOPT</item>
		<item>VFCALC</item>
		<item>VFOPT</item>
		<item>QSOPT</item>
		<item>FSAN</item>
		<item>FSCO</item>
		<item>FSDT</item>
		<item>FSIN</item>
		<item>FSIT</item>
		<item>FSOR</item>
		<item>FSOU</item>
		<item>FSRE</item>
		<item>FSRS</item>
		<item>FSSTAT</item>
		<item>FSTI</item>
		<item>FSTR</item>
		<item>MFANALYSIS</item>
		<item>MFBUCKET</item>
		<item>MFCALC</item>
		<item>MFCLEAR</item>
		<item>MFCMMAND</item>
		<item>MFCONV</item>
		<item>MFDTIME</item>
		<item>MFELEM</item>
		<item>MFEM</item>
		<item>MFEXTER</item>
		<item>MFFNAME</item>
		<item>MFIMPORT</item>
		<item>MFINTER</item>
		<item>MFITER</item>
		<item>MFLIST</item>
		<item>MFMAP</item>
		<item>MFORDER</item>
		<item>MFOUTPUT</item>
		<item>MFRELAX</item>
		<item>MFRSTART</item>
		<item>MFSURFACE</item>
		<item>MFTIME</item>
		<item>MFTOL</item>
		<item>MFVOLUME</item>
	</list>	
	<list name="POST1_commands">
		<item>APPEND</item>
		<item>DETAB</item>
		<item>DNSOL</item>
		<item>FILE</item>
		<item>HRCPLX</item>
		<item>PGRSET</item>
		<item>/POST1</item>
		<item>RESET</item>
		<item>SET</item>
		<item>SUBSET</item>
		<item>AVPRIN</item>
		<item>AVRES</item>
		<item>/EFACET</item>
		<item>ERNORM</item>
		<item>FORCE</item>
		<item>INRES</item>
		<item>LAYER</item>
		<item>RSYS</item>
		<item>SHELL</item>
		<item>NSORT</item>
		<item>NUSORT</item>
		<item>PLCONV</item>
		<item>PLDISP</item>
		<item>PLESOL</item>
		<item>PLNSOL</item>
		<item>PLVECT</item>
		<item>PPLOT</item>
		<item>PRCONV</item>
		<item>PRESOL</item>
		<item>PRJSOL</item>
		<item>PRNLD</item>
		<item>PRNSOL</item>
		<item>PRRFOR</item>
		<item>PRRSOL</item>
		<item>PRSSOL</item>
		<item>PRVECT</item>
		<item>SUMTYPE</item>
		<item>DESOL</item>
		<item>ESORT</item>
		<item>ETABLE</item>
		<item>EUSORT</item>
		<item>PLETAB</item>
		<item>PLLS</item>
		<item>PLVECT</item>
		<item>PRETAB</item>
		<item>PRVECT</item>
		<item>SABS</item>
		<item>SADD</item>
		<item>SALLOW</item>
		<item>SEXP</item>
		<item>SFACT</item>
		<item>SFCALC</item>
		<item>SMAX</item>
		<item>SMIN</item>
		<item>SMULT</item>
		<item>SSUM</item>
		<item>TALLOW</item>
		<item>VCROSS</item>
		<item>VDOT</item>
		<item>/FORMAT</item>
		<item>/HEADER</item>
		<item>IRLIST</item>
		<item>/PAGE</item>
		<item>PRERR</item>
		<item>PRITER</item>
		<item>ANCNTR</item>
		<item>ANCUT</item>
		<item>ANDATA</item>
		<item>ANDSCL</item>
		<item>ANCYC</item>
		<item>ANDYNA</item>
		<item>/ANFILE</item>
		<item>ANFLOW</item>
		<item>ANHARM</item>
		<item>ANIM</item>
		<item>ANISOS</item>
		<item>ANMODE</item>
		<item>ANMRES</item>
		<item>ANTIME</item>
		<item>TRTIME</item>
		<item>PADELE</item>
		<item>PAGET</item>
		<item>PAPUT</item>
		<item>PARESU</item>
		<item>PASAVE</item>
		<item>PATH</item>
		<item>PCALC</item>
		<item>PCROSS</item>
		<item>PDEF</item>
		<item>PDOT</item>
		<item>PLPAGM</item>
		<item>PLPATH</item>
		<item>PLSECT</item>
		<item>PMAP</item>
		<item>PPATH</item>
		<item>PRANGE</item>
		<item>PRPATH</item>
		<item>PRSECT</item>
		<item>PSEL</item>
		<item>PVECT</item>
		<item>SUCALC</item>
		<item>SUCR</item>
		<item>SUDEL</item>
		<item>SUEVAL</item>
		<item>SUGET</item>
		<item>SUMAP</item>
		<item>SUPL</item>
		<item>SUPR</item>
		<item>SURESU</item>
		<item>SUSAVE</item>
		<item>SUSEL</item>
		<item>SUVECT</item>
		<item>LCABS</item>
		<item>LCASE</item>
		<item>LCDEF</item>
		<item>LCFACT</item>
		<item>LCFILE</item>
		<item>LCOPER</item>
		<item>LCSEL</item>
		<item>LCSUM</item>
		<item>LCWRITE</item>
		<item>LCZERO</item>
		<item>RAPPND</item>
		<item>CURR2D</item>
		<item>EMAGERR</item>
		<item>EMF</item>
		<item>EMFT</item>
		<item>FLUXV</item>
		<item>FMAGSUM</item>
		<item>FOR2D</item>
		<item>IMPD</item>
		<item>MMF</item>
		<item>PLF2D</item>
		<item>POWERH</item>
		<item>QFACT</item>
		<item>REFLCOEF</item>
		<item>SENERGY</item>
		<item>SPARM</item>
		<item>TORQ2D</item>
		<item>TORQC2D</item>
		<item>TORQSUM</item>
		<item>FE</item>
		<item>FELIST</item>
		<item>FL</item>
		<item>FLLIST</item>
		<item>FP</item>
		<item>FPLIST</item>
		<item>FS</item>
		<item>FSDELE</item>
		<item>FSLIST</item>
		<item>FSNODE</item>
		<item>FSPLOT</item>
		<item>FSSECT</item>
		<item>FTCALC</item>
		<item>FTSIZE</item>
		<item>FTWRITE</item>
		<item>PLTRAC</item>
		<item>TRPDEL</item>
		<item>TRPLIS</item>
		<item>TRPOIN</item>
		<item>FLREAD</item>
		<item>BFINT</item>
		<item>CBDOF</item>
		<item>CMSFILE</item>
		<item>/CYCEXPAND</item>
		<item>CYCPHASE</item>
		<item>/EXPAND</item>
		<item>EXPAND</item>
		<item>FSSPARM</item>
		<item>FSUM</item>
		<item>HFANG</item>
		<item>HFARRAY</item>
		<item>HFNEAR</item>
		<item>HFPOWER</item>
		<item>HFSYM</item>
		<item>INTSRF</item>
		<item>KCALC</item>
		<item>NFORCE</item>
		<item>PLCRACK</item>
		<item>PLHFFAR</item>
		<item>PLSCH</item>
		<item>PLSYZ</item>
		<item>PRHFFAR</item>
		<item>PRSYZ</item>
		<item>RMFLVEC</item>
		<item>RSPLIT</item>
		<item>SPOINT</item>
		<item>DATADEF</item>
		<item>DEFINE</item>
		<item>DISPLAY</item>
		<item>LCCALC</item>
		<item>POINT</item>
		<item>PRINT</item>
		<item>SORT</item>
		<item>SPEC</item>
		<item>FC</item>
		<item>FCCHECK</item>
		<item>FCDELE</item>
		<item>FCLIST</item>
	</list>
	<list name="POST26_commands">
		<item>ANSOL</item>
		<item>DATA</item>
		<item>EDREAD</item>
		<item>ESOL</item>
		<item>FILE</item>
		<item>GAPF</item>
		<item>GSSOL</item>
		<item>JSOL</item>
		<item>NSOL</item>
		<item>NSTORE</item>
		<item>NUMVAR</item>
		<item>/POST26</item>
		<item>RESET</item>
		<item>RFORCE</item>
		<item>/RGB</item>
		<item>SOLU</item>
		<item>STORE</item>
		<item>TIMERANGE</item>
		<item>VARDEL</item>
		<item>VARNAM</item>
		<item>CFACT</item>
		<item>FORCE</item>
		<item>LAYERP26</item>
		<item>SHELL</item>
		<item>TVAR</item>
		<item>ABS</item>
		<item>ADD</item>
		<item>ATAN</item>
		<item>CLOG</item>
		<item>CONJUG</item>
		<item>DERIV</item>
		<item>EXP</item>
		<item>FILLDATA</item>
		<item>IMAGIN</item>
		<item>INT1</item>
		<item>LARGE</item>
		<item>NLOG</item>
		<item>PROD</item>
		<item>QUOT</item>
		<item>REALVAR</item>
		<item>SMALL</item>
		<item>SQRT</item>
		<item>PLCPLX</item>
		<item>PLTIME</item>
		<item>PLVAR</item>
		<item>SPREAD</item>
		<item>XVAR</item>
		<item>EXTREM</item>
		<item>LINES</item>
		<item>NPRINT</item>
		<item>PRCPLX</item>
		<item>PRTIME</item>
		<item>PRVAR</item>
		<item>CVAR</item>
		<item>PMGTRAN</item>
		<item>RESP</item>
		<item>RPSD</item>
		<item>SMOOTH</item>
		<item>VGET</item>
		<item>VPUT</item>
		<item>DEFINE</item>
		<item>OPERATE</item>
		<item>PLOTTING</item>
		<item>PRINT</item>
	</list>
	<list name="aux2_cmds" >
		<item>/AUX2</item>
		<item>DUMP</item>
		<item>FILEAUX2</item>
		<item>FORM</item>
		<item>HBMAT</item>
	</list>
	<list name="aux3_cmds">
		<item>/AUX3</item>
		<item>COMPRESS</item>
		<item>DELETE</item>
		<item>FILEAUX3</item>
		<item>LIST</item>
		<item>MODIFY</item>
		<item>UNDELETE</item>
	</list>
	<list name="aux12_cmds">
		<item>/AUX12</item>
		<item>EMIS</item>
		<item>GEOM</item>
		<item>MPRINT</item>
		<item>SPACE</item>
		<item>STEF</item>
		<item>VFQUERY</item>
		<item>VTYPE</item>
		<item>WRITE</item>
	</list>
	<list name="aux15_cmds">
		<item>/AUX15</item>
		<item>IGESIN</item>
		<item>IOPTN</item>
	</list>
	<list name="runstats_cmds">
		<item>RALL</item>
		<item>RFILSZ</item>
		<item>RITER</item>
		<item>RMEMRY</item>
		<item>RSPEED</item>
		<item>RSTAT</item>
		<item>RTIMST</item>
		<item>/RUNST</item>
		<item>RWFRNT</item>
	</list>
	<list name="optimization_cmds">
		<item>/OPT</item>
		<item>OPEQN</item>
		<item>OPFACT</item>
		<item>OPFRST</item>
		<item>OPGRAD</item>
		<item>OPKEEP</item>
		<item>OPLOOP</item>
		<item>OPPRNT</item>
		<item>OPRAND</item>
		<item>OPSUBP</item>
		<item>OPSWEEP</item>
		<item>OPTYPE</item>
		<item>OPUSER</item>
		<item>OPVAR</item>
		<item>TOCOMP</item>
		<item>TODEF</item>
		<item>TOFREQ</item>
		<item>TOTYPE</item>
		<item>TOVAR</item>
		<item>OPADD</item>
		<item>OPCLR</item>
		<item>OPDEL</item>
		<item>OPMAKE</item>
		<item>OPSEL</item>
		<item>OPANL</item>
		<item>OPDATA</item>
		<item>OPRESU</item>
		<item>OPSAVE</item>
		<item>OPEXE</item>
		<item>TOEXE</item>
		<item>TOLOOP</item>
		<item>OPLFA</item>
		<item>OPLGR</item>
		<item>OPLIST</item>
		<item>OPLSW</item>
		<item>OPRFA</item>
		<item>OPRGR</item>
		<item>OPRSW</item>
		<item>PLVAROPT</item>
		<item>PRVAROPT</item>
		<item>TOGRAPH</item>
		<item>TOLIST</item>
		<item>TOPLOT</item>
		<item>TOPRINT</item>
		<item>TOSTAT</item>
		<item>XVAROPT</item>
	</list>
	<list name="probabilistic_cmds">
		<item>/PDS</item>
		<item>PDANL</item>
		<item>PDCORR</item>
		<item>PDINQR</item>
		<item>PDPLOT</item>
		<item>PDVAR</item>
		<item>PDDOEL</item>
		<item>PDDMCS</item>
		<item>PDMETH</item>
		<item>PDUSER</item>
		<item>PDEXE</item>
		<item>PDCDF</item>
		<item>PDCMAT</item>
		<item>PDHIST</item>
		<item>PDPINV</item>
		<item>PDPROB</item>
		<item>PDROPT</item>
		<item>PDSCAT</item>
		<item>PDSENS</item>
		<item>PDSHIS</item>
		<item>PDWRITE</item>
		<item>PDCLR</item>
		<item>PDRESU</item>
		<item>PDSAVE</item>
		<item>RSFIT</item>
		<item>RSPLOT</item>
		<item>RSPRNT</item>
		<item>RSSIMS</item>
	</list>
	<list name="display_cmds">
		<item>/CMAP</item>
		<item>/DEVDISP</item>
		<item>FILEDISP</item>
		<item>HELPDISP</item>
		<item>NOCOLOR</item>
		<item>/SEG</item>
		<item>/SHOWDISP</item>
		<item>TRANS</item>
		<item>GRPH</item>
		<item>TERM</item>
		<item>FINISH</item>
		<item>PLOT</item>
		<item>STAT</item>
	</list>
	<list name="reduced_order_cmds">
		<item>RMRESUME</item>
		<item>RMSAVE</item>
		<item>RMNDISP</item>
		<item>RMNEVEC</item>
		<item>RMALIST</item>
		<item>RMANL</item>
		<item>RMASTER</item>
		<item>RMCAP</item>
		<item>RMCLIST</item>
		<item>RMMLIST</item>
		<item>RMMRANGE</item>
		<item>RMMSELECT</item>
		<item>RMPORDER</item>
		<item>RMRGENERATE</item>
		<item>RMROPTIONS</item>
		<item>RMRPLOT</item>
		<item>RMRSTATUS</item>
		<item>RMSMPLE</item>
		<item>RMXPORT</item>
		<item>DCVSWP</item>
		<item>RMLVSCALE</item>
		<item>RMUSE</item>
	</list>
	<list name="parametric_functions">
		<item>ABS</item>
		<item>SIGN</item>
		<item>EXP</item>
		<item>LOG</item>
		<item>LOG10</item>
		<item>SQRT</item>
		<item>NINT</item>
		<item>MOD</item>
		<item>RAND</item>
		<item>GDIS</item>
		<item>SIN</item>
		<item>COS</item>
		<item>TAN</item>
		<item>SINH</item>
		<item>COSH</item>
		<item>TANH</item>
		<item>ASIN</item>
		<item>ACOS</item>
		<item>ATAN</item>
		<item>ATAN2</item>
		<item>VALCHR</item>
		<item>CHRVAL</item>
		<item>UPCASE</item>
		<item>LWCASE</item>
	</list>
	<list name="elements">
		<item>LINK1</item>
		<item>PLANE2</item>
		<item>BEAM3</item>
		<item>BEAM4</item>
		<item>SOLID5</item>
		<item>COMBIN7</item>
		<item>LINK8</item>
		<item>INFIN9</item>
		<item>LINK10</item>
		<item>LINK11</item>
		<item>CONTAC12</item>
		<item>PLANE13</item>
		<item>COMBIN14</item>
		<item>PIPE16</item>
		<item>PIPE17</item>
		<item>PIPE18</item>
		<item>PIPE20</item>
		<item>MASS21</item>
		<item>BEAM23</item>
		<item>BEAM24</item>
		<item>PLANE25</item>
		<item>MATRIX27</item>
		<item>SHELL28</item>
		<item>FLUID29</item>
		<item>FLUID30</item>
		<item>LINK31</item>
		<item>LINK32</item>
		<item>LINK33</item>
		<item>LINK34</item>
		<item>PLANE35</item>
		<item>SOURC36</item>
		<item>COMBIN37</item>
		<item>FLUID38</item>
		<item>COMBIN39</item>
		<item>COMBIN40</item>
		<item>SHELL41</item>
		<item>PLANE42</item>
		<item>SHELL43</item>
		<item>BEAM44</item>
		<item>SOLID45</item>
		<item>SOLID46</item>
		<item>INFIN47</item>
		<item>MATRIX50</item>
		<item>SHELL51</item>
		<item>CONTAC52</item>
		<item>PLANE53</item>
		<item>BEAM54</item>
		<item>PLANE55</item>
		<item>HYPER56</item>
		<item>SHELL57</item>
		<item>HYPER58</item>
		<item>PIPE59</item>
		<item>PIPE60</item>
		<item>SHELL61</item>
		<item>SOLID62</item>
		<item>SHELL63</item>
		<item>SOLID64</item>
		<item>SOLID65</item>
		<item>PLANE67</item>
		<item>LINK68</item>
		<item>SOLID69</item>
		<item>SOLID70</item>
		<item>MASS71</item>
		<item>HYPER74</item>
		<item>PLANE75</item>
		<item>PLANE77</item>
		<item>PLANE78</item>
		<item>FLUID79</item>
		<item>FLUID80</item>
		<item>FLUID81</item>
		<item>PLANE82</item>
		<item>PLANE83</item>
		<item>HYPER84</item>
		<item>HYPER86</item>
		<item>SOLID87</item>
		<item>VISCO88</item>
		<item>VISCO89</item>
		<item>SOLID90</item>
		<item>SHELL91</item>
		<item>SOLID92</item>
		<item>SHELL93</item>
		<item>CIRCU94</item>
		<item>SOLID95</item>
		<item>SOLID96</item>
		<item>SOLID97</item>
		<item>SOLID98</item>
		<item>SHELL99</item>
		<item>VISCO106</item>
		<item>VISCO107</item>
		<item>VISCO108</item>
		<item>TRANS109</item>
		<item>INFIN110</item>
		<item>INFIN111</item>
		<item>INTER115</item>
		<item>FLUID116</item>
		<item>SOLID117</item>
		<item>HF118</item>
		<item>HF119</item>
		<item>HF120</item>
		<item>PLANE121</item>
		<item>SOLID122</item>
		<item>SOLID123</item>
		<item>CIRCU124</item>
		<item>CIRCU125</item>
		<item>TRANS126</item>
		<item>SOLID127</item>
		<item>SOLID128</item>
		<item>FLUID129</item>
		<item>FLUID130</item>
		<item>SHELL131</item>
		<item>SHELL132</item>
		<item>FLUID136</item>
		<item>FLUID138</item>
		<item>FLUID139</item>
		<item>FLUID141</item>
		<item>FLUID142</item>
		<item>SHELL143</item>
		<item>ROM144</item>
		<item>PLANE145</item>
		<item>PLANE146</item>
		<item>SOLID147</item>
		<item>SOLID148</item>
		<item>SHELL150</item>
		<item>SURF151</item>
		<item>SURF152</item>
		<item>SURF153</item>
		<item>SURF154</item>
		<item>SHELL157</item>
		<item>HYPER158</item>
		<item>LINK160</item>
		<item>BEAM161</item>
		<item>PLANE162</item>
		<item>SHELL163</item>
		<item>SOLID164</item>
		<item>COMBI165</item>
		<item>MASS166</item>
		<item>LINK167</item>
		<item>SOLID168</item>
		<item>TARGE169</item>
		<item>TARGE170</item>
		<item>CONTA171</item>
		<item>CONTA172</item>
		<item>CONTA173</item>
		<item>CONTA174</item>
		<item>CONTA175</item>
		<item>CONTA178</item>
		<item>PRETS179</item>
		<item>LINK180</item>
		<item>SHELL181</item>
		<item>PLANE182</item>
		<item>PLANE183</item>
		<item>MPC184</item>
		<item>SOLID185</item>
		<item>SOLID186</item>
		<item>SOLID187</item>
		<item>BEAM188</item>
		<item>BEAM189</item>
		<item>SOLSH190</item>
		<item>SOLID191</item>
		<item>INTER192</item>
		<item>INTER193</item>
		<item>INTER194</item>
		<item>INTER195</item>
		<item>MESH200</item>
		<item>FOLLW201</item>
		<item>SHELL208</item>
		<item>SHELL209</item>
		<item>PLANE223</item>
		<item>SOLID226</item>
		<item>SOLID227</item>
		<item>PLANE230</item>
		<item>SOLID231</item>
		<item>SOLID232</item>
		<item>SURF251</item>
		<item>SURF252</item>
	</list>
	<list name="material_properties">
		<item>EX</item>
		<item>EY</item>
		<item>EZ</item>
		<item>GXY</item>
		<item>NUXY</item>
		<item>ALPX</item>
		<item>ALPY</item>
		<item>ALPZ</item>
		<item>CTEX</item>
		<item>CTEY</item>
		<item>CTEZ</item>
		<item>THSX</item>
		<item>THSY</item>
		<item>THSZ</item>
		<item>REFT</item>
		<item>PRXY</item>
		<item>PRYZ</item>
		<item>PRXZ</item>
		<item>NUXY</item>
		<item>NUYZ</item>
		<item>NUXZ</item>
		<item>GXY</item>
		<item>GYZ</item>
		<item>GXZ</item>
		<item>DAMP</item>
		<item>DMPR</item>
		<item>MU</item>
		<item>DENS</item>
		<item>C</item>
		<item>ENTH</item>
		<item>KXX</item>
		<item>KYY</item>
		<item>KZZ</item>
		<item>HF</item>
		<item>EMIS</item>
		<item>QRATE</item>
		<item>VISC</item>
		<item>SONC</item>
		<item>RSVX</item>
		<item>RSVY</item>
		<item>RSVZ</item>
		<item>PERX</item>
		<item>MURX</item>
		<item>MURY</item>
		<item>MURZ</item>
		<item>MGXX</item>
		<item>MGYY</item>
		<item>MGZZ</item>
		<item>LSST</item>
		<item>SBKX</item>
	</list>
	<list name="force-displacement-labels">
		<item>UX</item>
		<item>UY</item>
		<item>UZ</item>
		<item>FX</item>
		<item>FY</item>
		<item>FZ</item>
		<item>MX</item>
		<item>MY</item>
		<item>MZ</item>
		<item>HEAT</item>
		<item>HBOT</item>
		<item>HE2</item>
		<item>HE3</item>
		<item>HTOP</item>
		<item>FLOW</item>
		<item>AMPS</item>
		<item>CHRG</item>
		<item>CSGX</item>
		<item>CSGY</item>
		<item>CSGZ</item>
		<item>ROTX</item>
		<item>ROTY</item>
		<item>ROTZ</item>
		<item>WARP</item>
		<item>TEMP</item>
		<item>TBOT</item>
		<item>TE2</item>
		<item>TE3</item>
		<item>TTOP</item>
		<item>PRES</item>
		<item>VX</item>
		<item>VY</item>
		<item>VZ</item>
		<item>ENKE</item>
		<item>ENDS</item>
		<item>SP01</item>
		<item>SP02</item>
		<item>SP03</item>
		<item>SP04</item>
		<item>SP05</item>
		<item>SP06</item>
		<item>VOLT</item>
		<item>MAG</item>
		<item>AX</item>
		<item>AYAZ</item>
	</list>
	<list name="antype_flag">
		<item>STATIC</item>
		<item>BUCKLE</item>
		<item>MODAL</item>
		<item>HARMIC</item>
		<item>TRANS</item>
		<item>SUBSTR</item>
		<item>SPECTR</item>
	</list>
	<list name="various_labels">
		<!-- possibili etichette varie, tipo SMISC per ETABLE -->
		<!-- abbreviazioni del comando *GET,param,NODE,node_num,LOC,{x,y,z} -->
		<!--<item>NODE</item> ToDO: PER QUESTO BISOGNA DISTINGUERE TRA NODE e NODE(x,y,z) -->
		<item>NX</item>
		<item>NY</item>
		<item>NZ</item>
	</list>

	<contexts>
		<context attribute="Normal Text" lineEndContext="#pop" name="Normal Text" >
			<StringDetect attribute="comment" context="comment" String="C***" insensitive="true" firstNonSpace="true" />
			<DetectChar attribute ="comment" context="comment" char="!" />
			<keyword attribute="MatProp" context="#stay" String="various_labels" />
			<RangeDetect attribute="Normal Text" context="#stay" char="(" char1=")" />
			<DetectChar attribute="error" context="open_parentesis" char="(" />
			<!-- the next one highlight variable assignements as normal text, to avoid F,,FY,1 been highlighted as F=10 -->
			<RegExpr attribute="Normal Text" context="#stay" String="^[A-Za-Z0-9]+\=" />
			<keyword attribute="Keyword" context="#stay" String="elements" />
			<keyword attribute="MatProp" context="#stay" String="material_properties" />
			<keyword attribute="Labels" context="#stay" String="force-displacement-labels" />
			<keyword attribute="Labels" context="#stay" String="antype_flag" />
			<keyword attribute="Commands" context="#stay" String="parametric_functions" />
			<keyword attribute="SESSIONcmd" context="#stay" String="session_cmds" firstNonSpace="true" />
			<keyword attribute="DBcmd" context="#stay" String="database_cmds" firstNonSpace="true" />
			<keyword attribute="GRPH_cmds" context="#stay" String="graphic_cmds" firstNonSpace="true" />
			<keyword attribute="APDLcmd" context="#stay" String="APDL_commands" firstNonSpace="true" />
			<keyword attribute="PREP7Commands" context="#stay" String="prep7_commands" firstNonSpace="true" />
			<keyword attribute="SOLUCommands" context="#stay" String="solution_commands" firstNonSpace="true" />
			<keyword attribute="POST1Commands" context="#stay" String="POST1_commands" firstNonSpace="true" />
			<keyword attribute="POST26Commands" context="#stay" String="POST26_commands" firstNonSpace="true" />
			<keyword attribute="AUX2cmds" context="#stay" String="aux2_cmds" firstNonSpace="true" />
			<keyword attribute="AUX3cmds" context="#stay" String="aux3_cmds" firstNonSpace="true" />
			<keyword attribute="AUX12cmds" context="#stay" String="aux12_cmds" firstNonSpace="true" />
			<keyword attribute="AUX15cmds" context="#stay" String="aux15_cmds" firstNonSpace="true" />
			<keyword attribute="RUNSTATScmds" context="#stay" String="runstats_cmds" firstNonSpace="true" />
			<keyword attribute="OPTIMIZATIONcmds" context="#stay" String="optimization_cmds" firstNonSpace="true" />
			<keyword attribute="PROBcmds" context="#stay" String="probabilistic_cmds" firstNonSpace="true" />
			<keyword attribute="DISPLAYcmds" context="#stay" String="display_cmds" firstNonSpace="true" />
			<keyword attribute="REDUORDERcmds" context="#stay" String="reduced_order_cmds" firstNonSpace="true" />
			<DetectChar attribute="String" context="doublequotestring" char="&quot;" />
			<RangeDetect attribute="String" context="#stay" char="'" char1="'" />
			<RangeDetect attribute="variable" context="#stay" char="%" char1="%" />
			<keyword attribute="MatProp" context="#stay" String="APDL_commands" />
			<Float attribute="NumFloat" context="#stay" />
			<Int attribute="NumInt" context="#stay" >
				<StringDetect attribute="NumInt" context="#stay" String="**" />
			</Int>
		</context>
		<context attribute="String" name="doublequotestring" lineEndContext="#stay" >
			<DetectChar attribute="String" context="#pop" char="&quot;" />
		</context>
		<context attribute="Normal Text" name="functions" lineEndContext="#pop" >
			<RangeDetect attribute="Normal Text" context="#pop" char="(" char1=")" />
			<DetectChar attribute="error" context="open_parentesis" char="(" />
		</context>
		<context attribute="parentesis_not_closed" name="open_parentesis" lineEndContext="#pop" >
			<DetectChar attribute="Normal Text" context="#pop" char=")" />
		</context>
		<context attribute="comment" name="comment" lineEndContext="#pop" />
		<context attribute="NumFloat" name="functions_arg" lineEndContext="#pop" >
			<DetectChar attribute="Keyword" context="#stay" char="(" />
			<DetectChar attribute="Keyword" context="#pop" char=")" />
		</context>
	</contexts>
	<itemDatas>
		<itemData name="Normal Text" defStyleNum="dsNormal" />
		<itemData name="Keyword" defStyleNum="dsKeyword" />
		<itemData name="MatProp" defStyleNum="dsDataType" />
		<itemData name="Labels" defStyleNum="dsChar" />
		<itemData name="APDLcmd" defStyleNum="dsFunction" />
		<itemData name="SESSIONcmd" defStyleNum="dsFunction" />
		<itemData name="DBcmd" defStyleNum="dsFunction" />
		<itemData name="GRPH_cmds" defStyleNum="dsFunction" />
		<itemData name="PREP7Commands" defStyleNum="dsFunction" />
		<itemData name="SOLUCommands" defStyleNum="dsFunction" />
		<itemData name="POST1Commands" defStyleNum="dsFunction" />
		<itemData name="POST26Commands" defStyleNum="dsFunction" />
		<itemData name="AUX2cmds" defStyleNum="dsFunction" />
		<itemData name="AUX3cmds" defStyleNum="dsFunction" />
		<itemData name="AUX12cmds" defStyleNum="dsFunction" />
		<itemData name="AUX15cmds" defStyleNum="dsFunction" />
		<itemData name="RUNSTATcmds" defStyleNum="dsFunction" />
		<itemData name="OPTIMIZATIONcmds" defStyleNum="dsFunction" />
		<itemData name="PROBcmds" defStyleNum="dsFunction" />
		<itemData name="DISPLAYcmds" defStyleNum="dsFunction" />
		<itemData name="REDUORDERcmds" defStyleNum="dsFunction" />
		<itemData name="Commands" defStyleNum="dsOthers" />
		<itemData name="variable" defStyleNum="dsOthers" />
		<itemData name="String" defStyleNum="dsString" />
		<itemData name="NumInt" defStyleNum="dsDecVal" />
		<itemData name="NumFloat" defStyleNum="dsFloat" />
		<itemData name="functions_arg" defStyleNum="dsKeyword" />
		<itemData name="comment" defStyleNum="dsComment" />
		<itemData name="parentesis_not_closed" defStyleNum="dsRegionMarker" />
		<itemData name="error" defStyleNum="dsError" />
	</itemDatas>
</highlighting>
	<general>
		<comments>
			<comment name="singleLine" start="!" />
		</comments>
		<keywords casesensitive="0" weakDeliminator="/*" />
	</general>
</language>
