<?xml version="1.0" encoding="UTF-8"?>
<!DOCTYPE language SYSTEM "language.dtd">
<language name="C++" version="1.41" kateversion="2.4" section="Sources" extensions="*.c++;*.cxx;*.cpp;*.cc;*.C;*.h;*.hh;*.H;*.h++;*.hxx;*.hpp;*.hcc;*.moc" mimetype="text/x-c++src;text/x-c++hdr;text/x-chdr" priority="9">
<!--
##########################################################################
## Fixes by Sebastian Pipping (webmaster@hartwork.org)
##
## NOTE: Keep in sync with C highlighter! (c.xml)
##########################################################################
-->
  <highlighting>
    <list name="keywords">
      <item> asm </item>
      <item> break </item>
      <item> case </item>
      <item> catch </item>
      <item> class </item>
      <item> const_cast </item>
      <item> continue </item>
      <item> default </item>
      <item> delete </item>
      <item> do </item>
      <item> dynamic_cast</item>
      <item> else </item>
      <item> enum </item>
      <item> explicit </item>
      <item> export </item>
      <item> extern </item>
      <item> false </item>
      <item> friend </item>
      <item> for </item>
      <item> goto </item>
      <item> if </item>
      <item> inline </item>
      <item> namespace </item>
      <item> new </item>
      <item> operator </item>
      <item> private </item>
      <item> protected </item>
      <item> public </item>
      <item> qobject_cast </item>
      <item> reinterpret_cast </item>
      <item> return </item>
      <item> sizeof </item>
      <item> static_cast </item>
      <item> struct </item>
      <item> switch </item>
      <item> template </item>
      <item> this </item>
      <item> throw </item>
      <item> true </item>
      <item> try </item>
      <item> typedef </item>
      <item> typeid </item>
      <item> type_info </item>
      <item> typename </item>
      <item> union </item>
      <item> using </item>
      <item> virtual </item>
      <item> while </item>

      <item> and </item>
      <item> and_eq </item>
      <item> bad_cast </item>
      <item> bad_typeid </item>
      <item> bitand </item>
      <item> bitor </item>
      <item> compl </item>
      <item> not </item>
      <item> not_eq </item>
      <item> or </item>
      <item> or_eq </item>
      <item> xor </item>
      <item> xor_eq </item>
      <item> except </item>
      <item> finally </item>
      <item> xalloc </item>
    </list>
    <list name="extensions">
      <item> K_DCOP </item>
      <item> SLOT </item>
      <item> SIGNAL </item>
      <item> Q_CLASSINFO </item>
      <item> Q_ENUMS </item>
      <item> Q_EXPORT </item>
      <item> Q_OBJECT </item>
      <item> Q_OVERRIDE </item>
      <item> Q_PROPERTY </item>
      <item> Q_SETS </item>
      <item> Q_SIGNALS </item>
      <item> Q_SLOTS </item>
      <item> Q_FOREACH </item>
      <item> Q_DECLARE_FLAGS </item>
      <item> Q_INIT_RESOURCE </item>
      <item> Q_CLEANUP_RESOURCE </item>
      <item> Q_GLOBAL_STATIC </item>
      <item> Q_GLOBAL_STATIC_WITH_ARGS </item>
      <item> Q_DECLARE_INTERFACE </item>
      <item> Q_DECLARE_TYPEINFO </item>
      <item> Q_DECLARE_SHARED </item>
      <item> Q_DECLARE_FLAGS </item>
      <item> Q_DECLARE_OPERATORS_FOR_FLAGS </item>
      <item> Q_FOREVER </item>
      <item> Q_DECLARE_PRIVATE </item>
      <item> Q_DECLARE_PUBLIC </item>
      <item> Q_D </item>
      <item> Q_Q </item>
      <item> Q_DISABLE_COPY </item>
      <item> Q_INTERFACES </item>
      <item> Q_FLAGS </item>
      <item> Q_SCRIPTABLE </item>
      <item> Q_INVOKABLE </item>
      <item> Q_GADGET </item>
      <item> Q_ARG </item>
      <item> Q_RETURN_ARG </item>
      <item> Q_ASSERT </item>
      <item> Q_ASSERT_X </item>
      <item> Q_PRIVATE_SLOT </item>
      <item> Q_DECLARE_METATYPE </item>
      <item> Q_NOREPLY </item>
      <item> TRUE </item>
      <item> FALSE </item>
      <item> connect </item>
      <item> disconnect </item>
      <item> emit </item>
      <item> signals </item>
      <item> slots </item>
      <item> foreach </item>
      <item> forever </item>
    </list>
    <list name="types">
      <item> auto </item>
      <item> bool </item>
      <item> char </item>
      <item> const </item>
      <item> double </item>
      <item> float </item>
      <item> int </item>
      <item> long </item>
      <item> mutable </item>
      <item> register </item>
      <item> short </item>
      <item> signed </item>
      <item> static </item>
      <item> unsigned </item>
      <item> void </item>
      <item> volatile </item>
      <item> uchar </item>
      <item> uint </item>
      <item> int8_t </item>
      <item> int16_t </item>
      <item> int32_t </item>
      <item> int64_t </item>
      <item> uint8_t </item>
      <item> uint16_t </item>
      <item> uint32_t </item>
      <item> uint64_t </item>
      <item> wchar_t </item>
    </list>
    <contexts>
      <context attribute="Normal Text" lineEndContext="#stay" name="Normal">
        <DetectSpaces />
	<RegExpr attribute="Preprocessor" context="Outscoped" String="#\s*if\s+0" beginRegion="PP" firstNonSpace="true" />
        <DetectChar context="AfterHash" char="#" firstNonSpace="true" lookAhead="true" />
        <StringDetect attribute="Region Marker" context="Region Marker" String="//BEGIN" beginRegion="Region1" firstNonSpace="true" />
        <StringDetect attribute="Region Marker" context="Region Marker" String="//END" endRegion="Region1" firstNonSpace="true" />
        <keyword attribute="Keyword" context="#stay" String="keywords" />
        <keyword attribute="Extensions" context="#stay" String="extensions" />
        <keyword attribute="Data Type" context="#stay" String="types" />
        <HlCChar attribute="Char" context="#stay"/>
        <DetectChar attribute="String" context="String" char="&quot;"/>
        <DetectIdentifier />
        <Float attribute="Float" context="#stay">
          <AnyChar String="fF" attribute="Float" context="#stay"/>
        </Float>
        <HlCOct attribute="Octal" context="#stay"/>
        <HlCHex attribute="Hex" context="#stay"/>
        <Int attribute="Decimal" context="#stay">
          <StringDetect attribute="Decimal" context="#stay" String="ULL" insensitive="TRUE"/>
          <StringDetect attribute="Decimal" context="#stay" String="LUL" insensitive="TRUE"/>
          <StringDetect attribute="Decimal" context="#stay" String="LLU" insensitive="TRUE"/>
          <StringDetect attribute="Decimal" context="#stay" String="UL" insensitive="TRUE"/>
          <StringDetect attribute="Decimal" context="#stay" String="LU" insensitive="TRUE"/>
          <StringDetect attribute="Decimal" context="#stay" String="LL" insensitive="TRUE"/>
          <StringDetect attribute="Decimal" context="#stay" String="U" insensitive="TRUE"/>
          <StringDetect attribute="Decimal" context="#stay" String="L" insensitive="TRUE"/>
        </Int>
        <IncludeRules context="##Doxygen" />
        <Detect2Chars attribute="Comment" context="Commentar 1" char="/" char1="/"/>
        <Detect2Chars attribute="Comment" context="Commentar 2" char="/" char1="*" beginRegion="Comment"/>
        <DetectChar attribute="Symbol" context="#stay" char="{" beginRegion="Brace1" />
        <DetectChar attribute="Symbol" context="#stay" char="}" endRegion="Brace1" />
        <AnyChar attribute="Symbol" context="#stay" String=":!%&amp;()+,-/.*&lt;=&gt;?[]{|}~^&#59;"/>
      </context>

      <context attribute="String" lineEndContext="#pop" name="String">
        <LineContinue attribute="String" context="#stay"/>
        <HlCStringChar attribute="String Char" context="#stay"/>
        <DetectChar attribute="String" context="#pop" char="&quot;"/>
      </context>

      <context attribute="Region Marker" lineEndContext="#pop" name="Region Marker">
      </context>

      <context attribute="Comment" lineEndContext="#pop" name="Commentar 1">
        <DetectSpaces />
        <IncludeRules context="##Alerts" />
        <DetectIdentifier />
      </context>

      <context attribute="Comment" lineEndContext="#stay" name="Commentar 2">
        <DetectSpaces />
        <Detect2Chars attribute="Comment" context="#pop" char="*" char1="/" endRegion="Comment"/>
        <IncludeRules context="##Alerts" />
        <DetectIdentifier />
      </context>

      <context attribute="Error" lineEndContext="#pop" name="AfterHash">
        <!-- define, elif, else, endif, error, if, ifdef, ifndef, include, include_next, line, pragma, undef, warning -->
        <RegExpr attribute="Preprocessor" context="Preprocessor" String="#\s*if(?:def|ndef)?(?=\s+\S)" insensitive="true" beginRegion="PP" firstNonSpace="true" />
        <RegExpr attribute="Preprocessor" context="Preprocessor" String="#\s*endif" insensitive="true" endRegion="PP" firstNonSpace="true" />
        <RegExpr attribute="Preprocessor" context="Define" String="#\s*define.*((?=\\))" insensitive="true" firstNonSpace="true" />
        <RegExpr attribute="Preprocessor" context="Preprocessor" String="#\s*(?:el(?:se|if)|include(?:_next)?|define|undef|line|error|warning|pragma)" insensitive="true" firstNonSpace="true" />
        <RegExpr attribute="Preprocessor" context="Preprocessor" String="#\s+[0-9]+" insensitive="true" firstNonSpace="true" />
      </context>

      <context attribute="Preprocessor" lineEndContext="#pop" name="Preprocessor">
        <LineContinue attribute="Preprocessor" context="#stay"/>
        <RangeDetect attribute="Prep. Lib" context="#stay" char="&quot;" char1="&quot;"/>
        <RangeDetect attribute="Prep. Lib" context="#stay" char="&lt;" char1="&gt;"/>
        <IncludeRules context="##Doxygen" />
        <Detect2Chars attribute="Comment" context="Commentar/Preprocessor" char="/" char1="*" beginRegion="Comment2" />

        <Detect2Chars attribute="Comment" context="Commentar 1" char="/" char1="/"/>
      </context>

      <context attribute="Preprocessor" lineEndContext="#pop" name="Define">
        <LineContinue attribute="Preprocessor" context="#stay"/>
      </context>

      <context attribute="Comment" lineEndContext="#stay" name="Commentar/Preprocessor">
        <DetectSpaces />
        <Detect2Chars attribute="Comment" context="#pop" char="*" char1="/" endRegion="Comment2" />
        <DetectIdentifier />
      </context>

      <context attribute="Comment" lineEndContext="#stay" name="Outscoped" >
        <DetectSpaces />
        <IncludeRules context="##Alerts" />
        <DetectIdentifier />
        <DetectChar attribute="String" context="String" char="&quot;"/>
        <IncludeRules context="##Doxygen" />
        <Detect2Chars attribute="Comment" context="Commentar 1" char="/" char1="/"/>
        <Detect2Chars attribute="Comment" context="Commentar 2" char="/" char1="*" beginRegion="Comment"/>
        <RegExpr attribute="Comment" context="Outscoped intern" String="#\s*if" beginRegion="PP" firstNonSpace="true" />
        <RegExpr attribute="Preprocessor" context="#pop" String="#\s*el(?:se|if)" firstNonSpace="true" />
        <RegExpr attribute="Preprocessor" context="#pop" String="#\s*endif" endRegion="PP" firstNonSpace="true" />
      </context>

      <context attribute="Comment" lineEndContext="#stay" name="Outscoped intern">
        <DetectSpaces />
        <IncludeRules context="##Alerts" />
        <DetectIdentifier />
        <DetectChar attribute="String" context="String" char="&quot;"/>
        <IncludeRules context="##Doxygen" />
        <Detect2Chars attribute="Comment" context="Commentar 1" char="/" char1="/"/>
        <Detect2Chars attribute="Comment" context="Commentar 2" char="/" char1="*" beginRegion="Comment"/>
        <RegExpr attribute="Comment" context="Outscoped intern" String="#\s*if" beginRegion="PP" firstNonSpace="true" />
        <RegExpr attribute="Comment" context="#pop" String="#\s*endif" endRegion="PP" firstNonSpace="true" />
      </context>
    </contexts>
    <itemDatas>
      <itemData name="Normal Text"  defStyleNum="dsNormal"/>
      <itemData name="Keyword"      defStyleNum="dsKeyword"/>
      <itemData name="Extensions"   defStyleNum="dsKeyword" color="#0095ff" selColor="#ffffff" bold="1" italic="0"/>
      <itemData name="Data Type"    defStyleNum="dsDataType"/>
      <itemData name="Decimal"      defStyleNum="dsDecVal"/>
      <itemData name="Octal"        defStyleNum="dsBaseN"/>
      <itemData name="Hex"          defStyleNum="dsBaseN"/>
      <itemData name="Float"        defStyleNum="dsFloat"/>
      <itemData name="Char"         defStyleNum="dsChar"/>
      <itemData name="String"       defStyleNum="dsString"/>
      <itemData name="String Char"  defStyleNum="dsChar"/>
      <itemData name="Comment"      defStyleNum="dsComment"/>
      <itemData name="Symbol"       defStyleNum="dsNormal"/>
      <itemData name="Preprocessor" defStyleNum="dsOthers"/>
      <itemData name="Prep. Lib"    defStyleNum="dsOthers"/>
      <itemData name="Region Marker" defStyleNum="dsRegionMarker" />
      <itemData name="Error"        defStyleNum="dsError" />
    </itemDatas>
  </highlighting>
  <general>
    <comments>
      <comment name="singleLine" start="//" />
      <comment name="multiLine" start="/*" end="*/" region="Comment"/>
    </comments>
    <keywords casesensitive="1" />
  </general>
</language>
